{"num_timesteps": 200, "schedule": "cosine", "prediction_type": "epsilon", "num_classes": 10, "null_class": 10, "image_size": 28, "in_channels": 1, "alpha_bar": [0.9997450113296509, 0.9993687272071838, 0.9988711476325989, 0.9982525110244751, 0.9975128173828125, 0.996652364730835, 0.9956713318824768, 0.9945699572563171, 0.9933485388755798, 0.9920072555541992, 0.9905465841293335, 0.9889667630195618, 0.9872682690620422, 0.9854514598846436, 0.9835167527198792, 0.9814646244049072, 0.9792956709861755, 0.9770103096961975, 0.9746091365814209, 0.9720927476882935, 0.9694617390632629, 0.9667167067527771, 0.9638583660125732, 0.9608874320983887, 0.9578046202659607, 0.9546105861663818, 0.9513062238693237, 0.9478922486305237, 0.9443695545196533, 0.9407389760017395, 0.9370014071464539, 0.933157742023468, 0.9292088747024536, 0.9251558184623718, 0.9209995269775391, 0.9167410135269165, 0.9123813509941101, 0.907921552658081, 0.9033626914024353, 0.8987058997154236, 0.8939523696899414, 0.88910311460495, 0.8841594457626343, 0.8791224956512451, 0.873993456363678, 0.8687736988067627, 0.86346435546875, 0.8580667972564697, 0.8525822758674622, 0.8470121622085571, 0.8413578271865845, 0.8356205821037292, 0.8298018574714661, 0.8239030838012695, 0.8179256916046143, 0.8118710517883301, 0.8057407736778259, 0.7995362281799316, 0.7932589650154114, 0.7869105339050293, 0.7804924249649048, 0.774006187915802, 0.7674534916877747, 0.7608358263969421, 0.7541548609733582, 0.7474122047424316, 0.7406094670295715, 0.7337483167648315, 0.7268304824829102, 0.7198575139045715, 0.7128311991691589, 0.7057532072067261, 0.6986253261566162, 0.6914491653442383, 0.6842265725135803, 0.676959216594696, 0.6696489453315735, 0.6622974872589111, 0.6549066305160522, 0.6474782228469849, 0.6400139927864075, 0.6325157284736633, 0.62498539686203, 0.6174246668815613, 0.6098354458808899, 0.6022195816040039, 0.5945789217948914, 0.5869153141975403, 0.5792306065559387, 0.5715267062187195, 0.5638054013252258, 0.5560686588287354, 0.5483183264732361, 0.5405562520027161, 0.5327843427658081, 0.525004506111145, 0.5172186493873596, 0.5094286203384399, 0.501636266708374, 0.49384358525276184, 0.48605239391326904, 0.47826462984085083, 0.47048214077949524, 0.46270686388015747, 0.45494064688682556, 0.4471853971481323, 0.4394429624080658, 0.4317152798175812, 0.4240041971206665, 0.4163115918636322, 0.4086393117904663, 0.40098923444747925, 0.39336323738098145, 0.38576313853263855, 0.378190815448761, 0.3706480860710144, 0.36313676834106445, 0.35565871000289917, 0.3482157289981842, 0.3408096432685852, 0.33344221115112305, 0.3261152505874634, 0.3188305199146271, 0.3115898370742798, 0.3043949007987976, 0.2972474694252014, 0.2901493012905121, 0.2831021249294281, 0.27610763907432556, 0.2691675126552582, 0.2622835040092468, 0.25545719265937805, 0.24869030714035034, 0.24198447167873383, 0.23534129559993744, 0.2287624180316925, 0.22224941849708557, 0.21580389142036438, 0.2094273865222931, 0.20312146842479706, 0.19688767194747925, 0.19072748720645905, 0.18464241921901703, 0.17863395810127258, 0.1727035492658615, 0.16685263812541962, 0.1610826551914215, 0.15539498627185822, 0.14979101717472076, 0.1442721039056778, 0.13883960247039795, 0.1334948092699051, 0.12823905050754547, 0.12307357043027878, 0.11799965053796768, 0.11301851272583008, 0.10813136398792267, 0.10333938896656036, 0.09864375740289688, 0.09404560923576355, 0.08954606205224991, 0.08514620363712311, 0.0808471068739891, 0.07664981484413147, 0.07255534082651138, 0.06856468319892883, 0.06467881798744202, 0.06089867651462555, 0.05722518637776375, 0.05365923419594765, 0.05020168796181679, 0.04685338959097862, 0.04361514747142792, 0.04048774763941765, 0.037471953779459, 0.03456849977374077, 0.03177808225154877, 0.029101386666297913, 0.026539059355854988, 0.024091724306344986, 0.02175997383892536, 0.01954437606036663, 0.01744546927511692, 0.015463760122656822, 0.013599732890725136, 0.011853838339447975, 0.01022650208324194, 0.008718118071556091, 0.007329053245484829, 0.006059644743800163, 0.004910200368613005, 0.0038809997495263815, 0.0029722927138209343, 0.002184299984946847, 0.0015172127168625593, 0.0009711930179037154, 0.000546373485121876, 0.00024285723338834941, 6.071799361961894e-05, 6.071799418805313e-08]}